	Acropora_CFcytherea5C287	Acropora_CFcytherea5C285	Acropora_CFcytherea5C286	Acropora_CFbifurcataC288	Acropora_CFbifurcataC289	Acropora_CFbifurcataC290	Acropora_CFhyacinthus1C283	Acropora_CFhyacinthus1C284	Acropora_CFhyacinthus1C282
Acropora_CFcytherea5C287	59	24	19	-1	-9	-5	-2	-7	0
Acropora_CFcytherea5C285	24	64	29	8	-6	1	6	-5	-1
Acropora_CFcytherea5C286	19	29	54	9	-5	2	4	-4	1
Acropora_CFbifurcataC288	-1	8	9	41	27	17	8	2	3
Acropora_CFbifurcataC289	-9	-6	-5	27	58	19	1	-3	-3
Acropora_CFbifurcataC290	-5	1	2	17	19	47	2	-2	-2
Acropora_CFhyacinthus1C283	-2	6	4	8	1	2	46	21	16
Acropora_CFhyacinthus1C284	-7	-5	-4	2	-3	-2	21	53	12
Acropora_CFhyacinthus1C282	0	-1	1	3	-3	-2	16	12	49
