	Acropora_CFcytherea5C285	Acropora_CFcytherea5C287	Acropora_CFcytherea5C286	Acropora_CFbifurcataC288	Acropora_CFbifurcataC290	Acropora_CFbifurcataC289	Acropora_CFhyacinthus1C284	Acropora_CFhyacinthus1C283	Acropora_CFhyacinthus1C282
Acropora_CFcytherea5C285	64	-12	-25	-14	-27	-32	-37	-24	-31
Acropora_CFcytherea5C287	-12	59	-11	-15	-25	-29	-35	-24	-24
Acropora_CFcytherea5C286	-25	-11	54	-13	-22	-31	-26	-20	-21
Acropora_CFbifurcataC288	-14	-15	-13	41	5	1	-18	-14	-17
Acropora_CFbifurcataC290	-27	-25	-22	5	47	1	-20	-22	-20
Acropora_CFbifurcataC289	-32	-29	-31	1	1	58	-23	-25	-25
Acropora_CFhyacinthus1C284	-37	-35	-26	-18	-20	-23	53	-3	-14
Acropora_CFhyacinthus1C283	-24	-24	-20	-14	-22	-25	-3	46	-8
Acropora_CFhyacinthus1C282	-31	-24	-21	-17	-20	-25	-14	-8	49
